<?xml version="1.0" encoding="UTF-8"?>
<background>
	<info>
		<name>waves</name>
		<count>2</count>
		<delay>200</delay>
		<crop>0,340</crop>
		<cropx>0,130</cropx>
	</info>
	<info>
		<name>rotate</name>
		<count>20</count>
		<delay>20</delay>
		<crop>0,496</crop>
		<cropx>0,215</cropx>
	</info>
	<info>
		<name>circle</name>
		<count>11</count>
		<delay>20</delay>
		<crop>0,470</crop>
		<cropx>0,240</cropx>
	</info>
	<info>
		<name>white</name>
		<count>1</count>
		<delay>0</delay>
		<crop>0,0</crop>
		<cropx>0,0</cropx>
	</info>
	<info>
		<name>pink</name>
		<count>1</count>
		<delay>0</delay>
		<crop>0,0</crop>
		<cropx>0,0</cropx>
	</info>
	<info>
		<name>blue</name>
		<count>1</count>
		<delay>0</delay>
		<crop>0,0</crop>
		<cropx>0,0</cropx>
	</info>
</background>
