<Avatar_Color_Map Version="1.0.0.0">

    <!--+++++++++++++++++++Hair Color+++++++++++++++++++-->
    <Color ID="2" Name="Hair_Color_2" Type="2" start-color="{57,60,69}" end-color="{82,66,64}" />
    <Color ID="3" Name="Hair_Color_3" Type="2" start-color="{80,61,50}" end-color="{138,89,62}" />
	<Color ID="4" Name="Hair_Color_4" Type="2" start-color="{106,65,51}" end-color="{171,136,110}" />
	<Color ID="5" Name="Hair_Color_5" Type="2" start-color="{135,68,46}" end-color="{211,152,117}" />
	<Color ID="8" Name="Hair_Color_8" Type="2" start-color="{254,206,134}" end-color="{255,234,197}" />
	<Color ID="7" Name="Hair_Color_7" Type="2" start-color="{190,157,113}" end-color="{255,239,219}" />
	<Color ID="1" Name="Hair_Color_1" Type="2" start-color="{103,103,103}" end-color="{255,254,252}" />
	<Color ID="9" Name="Hair_Color_9" Type="2" start-color="{169,46,49}" end-color="{240,131,106}" />
	<Color ID="10" Name="Hair_Color_10" Type="2" start-color="{203,109,60}" end-color="{248,181,105}" />
	<Color ID="6" Name="Hair_Color_6" Type="2" start-color="{174,72,36}" end-color="{252,205,146}" />
	<Color ID="11" Name="Hair_Color_11" Type="2" start-color="{246,186,73}" end-color="{255,234,140}" />
	<Color ID="15" Name="Hair_Color_15" Type="2" start-color="{196,87,138}" end-color="{254,174,220}" />
	<Color ID="14" Name="Hair_Color_14" Type="2" start-color="{121,94,178}" end-color="{191,168,232}" />
	<Color ID="13" Name="Hair_Color_13" Type="2" start-color="{74,99,206}" end-color="{108,218,254}" />
	<Color ID="12" Name="Hair_Color_12" Type="2" start-color="{119,160,72}" end-color="{175,239,142}" />
	
    <!--+++++++++++++++++++Eyebrow Color+++++++++++++++++++-->
    <Color ID="2" Name="Eyebrow_Color_2" Type="19" start-color="{57,60,69}" end-color="{82,66,64}" />
    <Color ID="3" Name="Eyebrow_Color_3" Type="19" start-color="{80,61,50}" end-color="{138,89,62}" />	
	<Color ID="4" Name="Eyebrow_Color_4" Type="19" start-color="{106,65,51}" end-color="{171,136,110}" />
	<Color ID="5" Name="Eyebrow_Color_5" Type="19" start-color="{135,68,46}" end-color="{211,152,117}" />
	<Color ID="8" Name="Eyebrow_Color_8" Type="19" start-color="{254,206,134}" end-color="{255,234,197}" />
	<Color ID="7" Name="Eyebrow_Color_7" Type="19" start-color="{190,157,113}" end-color="{255,239,219}" />
	<Color ID="1" Name="Eyebrow_Color_1" Type="19" start-color="{103,103,103}" end-color="{255,254,252}" />	
	<Color ID="9" Name="Eyebrow_Color_9" Type="19" start-color="{169,46,49}" end-color="{240,131,106}" />
	<Color ID="10" Name="Eyebrow_Color_10" Type="19" start-color="{203,109,60}" end-color="{248,181,105}" />
	<Color ID="6" Name="Eyebrow_Color_6" Type="19" start-color="{174,72,36}" end-color="{252,205,146}" />
	<Color ID="11" Name="Eyebrow_Color_11" Type="19" start-color="{246,186,73}" end-color="{255,234,140}" />
	<Color ID="15" Name="Eyebrow_Color_15" Type="19" start-color="{196,87,138}" end-color="{254,174,220}" />
	<Color ID="14" Name="Eyebrow_Color_14" Type="19" start-color="{121,94,178}" end-color="{191,168,232}" />
	<Color ID="13" Name="Eyebrow_Color_13" Type="19" start-color="{74,99,206}" end-color="{108,218,254}" />
	<Color ID="12" Name="Eyebrow_Color_12" Type="19" start-color="{119,160,72}" end-color="{175,239,142}" />
	
    <!--+++++++++++++++++++Beard Color+++++++++++++++++++-->
    <Color ID="2" Name="Beard_Color_2" Type="15" start-color="{57,60,69}" end-color="{82,66,64}" />
    <Color ID="3" Name="Beard_Color_3" Type="15" start-color="{80,61,50}" end-color="{138,89,62}" />	
	<Color ID="4" Name="Beard_Color_4" Type="15" start-color="{106,65,51}" end-color="{171,136,110}" />	
	<Color ID="5" Name="Beard_Color_5" Type="15" start-color="{135,68,46}" end-color="{211,152,117}" />	
	<Color ID="8" Name="Beard_Color_8" Type="15" start-color="{254,206,134}" end-color="{255,234,197}" />	
	<Color ID="7" Name="Beard_Color_7" Type="15" start-color="{190,157,113}" end-color="{255,239,219}" />	
    <Color ID="1" Name="Beard_Color_1" Type="15" start-color="{103,103,103}" end-color="{255,254,252}" />		
	<Color ID="9" Name="Beard_Color_9" Type="15" start-color="{169,46,49}" end-color="{240,131,106}" />	
	<Color ID="10" Name="Beard_Color_10" Type="15" start-color="{203,109,60}" end-color="{248,181,105}" />
	<Color ID="6" Name="Beard_Color_6" Type="15" start-color="{174,72,36}" end-color="{252,205,146}" />	
	<Color ID="11" Name="Beard_Color_11" Type="15" start-color="{246,186,73}" end-color="{255,234,140}" />
	<Color ID="15" Name="Beard_Color_15" Type="15" start-color="{196,87,138}" end-color="{254,174,220}" />	
	<Color ID="14" Name="Beard_Color_14" Type="15" start-color="{121,94,178}" end-color="{191,168,232}" />
    <Color ID="13" Name="Beard_Color_13" Type="15" start-color="{74,99,206}" end-color="{108,218,254}" />
	<Color ID="12" Name="Beard_Color_12" Type="15" start-color="{119,160,72}" end-color="{175,239,142}" />
	
    <!--+++++++++++++++++++Face Color+++++++++++++++++++-->
    <Color ID="0" Name="Face_Color_0" Type="3" start-color="{119,47,44}" end-color="{242,212,183}" />
    <Color ID="1" Name="Face_Color_1" Type="3" start-color="{119,47,44}" end-color="{245,202,169}" />
    <Color ID="2" Name="Face_Color_2" Type="3" start-color="{119,47,44}" end-color="{237,184,147}" />
	<Color ID="3" Name="Face_Color_3" Type="3" start-color="{119,47,44}" end-color="{218,165,126}" />
	<Color ID="4" Name="Face_Color_4" Type="3" start-color="{119,47,44}" end-color="{181,128,91}" />
	<Color ID="5" Name="Face_Color_5" Type="3" start-color="{119,47,43}" end-color="{144,99,64}" />
	
    <!--+++++++++++++++++++LipFace Color+++++++++++++++++++-->
    <Color ID="0"  FaceColorID = "0" Name="LipFace_Color_0" Type="5" start-color="{119,47,44}" end-color="{242,212,183}" />
    <Color ID="1" FaceColorID = "1" Name="LipFace_Color_1" Type="5" start-color="{119,47,44}" end-color="{245,202,169}" />
    <Color ID="2" FaceColorID = "2" Name="LipFace_Color_2" Type="5" start-color="{119,47,44}" end-color="{237,184,147}" />
    <Color ID="3" FaceColorID = "3" Name="LipFace_Color_3" Type="5" start-color="{119,47,44}" end-color="{218,165,126}" />
    <Color ID="4" FaceColorID = "4" Name="LipFace_Color_4" Type="5" start-color="{119,47,44}" end-color="{181,128,91}" />
    <Color ID="5" FaceColorID = "5" Name="LipFace_Color_5" Type="5" start-color="{119,47,43}" end-color="{144,99,64}" />	
    <Color ID="7" Name="Lip_Color_7" Type="5" start-color="{165,0,21}" end-color="{234,65,80}" />
	<Color ID="9" Name="Lip_Color_9" Type="5" start-color="{213,83,2}" end-color="{255,147,113}" />	
    <Color ID="8" Name="Lip_Color_8" Type="5" start-color="{116,21,106}" end-color="{206,119,161}" />
    <Color ID="6" Name="Lip_Color_6" Type="5" start-color="{168,8,81}" end-color="{246,139,173}" />
	<Color ID="10" Name="Lip_Color_10" Type="5" start-color="{156,74,107}" end-color="{210,150,156}" />
	<Color ID="11" Name="Lip_Color_11" Type="5" start-color="{26,0,31}" end-color="{156,123,125}" />
	<Color ID="12" Name="Lip_Color_12" Type="5" start-color="{161,13,16}" end-color="{244,119,96}" />
	<Color ID="13" Name="Lip_Color_13" Type="5" start-color="{204,86,20}" end-color="{255,171,90}" />
	<Color ID="14" Name="Lip_Color_14" Type="5" start-color="{231,158,15}" end-color="{255,229,122}" />
	<Color ID="18" Name="Lip_Color_18" Type="5" start-color="{187,65,117}" end-color="{250,157,211}" />
	<Color ID="17" Name="Lip_Color_17" Type="5" start-color="{88,65,151}" end-color="{181,162,232}" />	
	<Color ID="16" Name="Lip_Color_16" Type="5" start-color="{52,77,188}" end-color="{94,215,255}" />
	<Color ID="15" Name="Lip_Color_15" Type="5" start-color="{86,132,39}" end-color="{162,234,122}" />
	<Color ID="20" Name="Lip_Color_20" Type="5" start-color="{5,5,5}" end-color="{174,174,174}" />
	<Color ID="19" Name="Lip_Color_19" Type="5" start-color="{174,174,174}" end-color="{247,247,247}" />

	
    <!--+++++++++++++++++++Headwear Color+++++++++++++++++++-->
    <Color ID="2" Name="Headwear_Color_2" Type="13" start-color="{5,5,5}" end-color="{173,173,173}" />
	<Color ID="1" Name="Headwear_Color_1" Type="13" start-color="{174,174,174}" end-color="{247,247,247}" />
    <Color ID="3" Name="Headwear_Color_3" Type="13" start-color="{186,132,71}" end-color="{247,227,201}" />	
	<Color ID="4" Name="Headwear_Color_4" Type="13" start-color="{103,52,5}" end-color="{197,138,99}" />
	<Color ID="6" Name="Headwear_Color_6" Type="13" start-color="{41,53,75}" end-color="{167,193,222}" />
	<Color ID="5" Name="Headwear_Color_5" Type="13" start-color="{75,77,53}" end-color="{137,137,115}" />
    <Color ID="9" Name="Headwear_Color_9" Type="13" start-color="{232,159,15}" end-color="{254,229,122}" />
    <Color ID="8" Name="Headwear_Color_8" Type="13" start-color="{204,86,18}" end-color="{255,171,90}" />
	<Color ID="7" Name="Headwear_Color_7" Type="13" start-color="{162,13,16}" end-color="{244,119,96}" />
	<Color ID="13" Name="Headwear_Color_13" Type="13" start-color="{187,65,117}" end-color="{250,158,210}" />	
	<Color ID="12" Name="Headwear_Color_12" Type="13" start-color="{88,65,151}" end-color="{182,162,232}" />
	<Color ID="11" Name="Headwear_Color_11" Type="13" start-color="{52,77,187}" end-color="{94,215,255}" />
	<Color ID="10" Name="Headwear_Color_10" Type="13" start-color="{86,132,39}" end-color="{162,234,122}" />

    <!--+++++++++++++++++++Earring Color+++++++++++++++++++-->
    <Color ID="1" Name="Earring_Color_1" Type="17" start-color="{254,206,134}" end-color="{255,234,197}" />
	<Color ID="2" Name="Earring_Color_2" Type="17" start-color="{103,103,103}" end-color="{255,254,252}" />
    <Color ID="3" Name="Earring_Color_3" Type="17" start-color="{169,46,49}" end-color="{240,131,106}" />	
	<Color ID="4" Name="Earring_Color_4" Type="17" start-color="{203,109,60}" end-color="{248,181,105}" />
	<Color ID="5" Name="Earring_Color_5" Type="17" start-color="{246,186,73}" end-color="{255,234,140}" />
	<Color ID="6" Name="Earring_Color_6" Type="17" start-color="{196,87,138}" end-color="{254,174,220}" />
    <Color ID="7" Name="Earring_Color_7" Type="17" start-color="{121,94,178}" end-color="{191,168,232}" />
    <Color ID="8" Name="Earring_Color_8" Type="17" start-color="{74,99,206}" end-color="{108,218,254}" />
	<Color ID="9" Name="Earring_Color_9" Type="17" start-color="{119,160,72}" end-color="{175,239,142}" />
                                            


</Avatar_Color_Map>
