<Avatar Version="1.0.0.0" UseJointTransform="NO" BackgroundColor="{0.5,0.5,0.5}" ModelScale="{0.262,0.262,0.262}" ModelTranslate="{0,2.6569,0.97895}" ModelRotate="{0.0,0.0,-10.0}" ModelZoomInScale="{2.95,2.95,2.95}" ModelZoomInTranslate="{0.0,0.0,0.0}" FaceCenterTranslate="{0.0,-8,0.0}" OpenHeadOffsetAdjust = "0">
	
    <Shadow ShadowName="shadow_on_facae" LightPosition="{0,8,30}" TargetPosition="{0,0,0}" ShadowFix="0.0" Color="{0.35,0.15,0.0,1.0}" BlendValue="0.3"/>
    <Shadow ShadowName="shadow_on_eye" LightPosition="{0,5,30}" TargetPosition="{0,0,0}" ShadowFix="0.0" Color="{0,0.0,0,1.0}" BlendValue="0.5"/>
       
    <Light LightName="light_global" LightType="DirectionLight"  lightDirection="{0,50,100}" LightAmbient="{0.5,0.5,0.5,1.0}" LightDiffuse="{0.5,0.5,0.5,1}" LightSpecular="{0.0,0.0,0.0,1.0}"/>
    <Light LightName="light_face1" LightType="DirectionLight"  lightDirection="{0,50,90}" LightAmbient="{0.29,0.25,0.23,1.0}" LightDiffuse="{0.36,0.36,0.36,1}" LightSpecular="{0.0,0.0,0.0,1.0}"/>
    <Light LightName="light_face2" LightType="DirectionLight"  lightDirection="{0,30,100}" LightAmbient="{0.3,0.3,0.3,1.0}" LightDiffuse="{0.12,0.12,0.12,1}" LightSpecular="{0.0,0.0,0.0,1.0}"/>
    <Light LightName="light_eyewearframe" LightType="DirectionLight"  lightDirection="{0,50,100}" LightAmbient="{0.3,0.3,0.3,1.0}" LightDiffuse="{0.7,0.7,0.7,1}" LightSpecular="{0.3,0.3,0.3,1.0}"/>

    <Light LightName="light_headwear1" LightType="DirectionLight"  lightDirection="{0,50,90}" LightAmbient="{0.29,0.25,0.23,1.0}" LightDiffuse="{0.36,0.36,0.36,1}" LightSpecular="{0.0,0.0,0.0,1.0}"/>
    <Light LightName="light_headwear2" LightType="DirectionLight"  lightDirection="{0,30,100}" LightAmbient="{0.3,0.3,0.3,1.0}" LightDiffuse="{0.12,0.12,0.12,1}" LightSpecular="{0.0,0.0,0.0,1.0}"/>	

    <Action_Common_Ex ActionName="cartoon_HEAD" ID="0" SubFolder="cartoon_HEAD" ComponentType="Head" UseLight="YES" LightEffectName="light_face1|light_face2" Shininess="100.0" SupportTransform="YES" ActionCenter="{0,-2.6569,-0.97895}" TransformCenter="{0.0,0.0,0.0}" Tex="cartoon_HEAD.png" NormalTex="" ShadowCover="" ShadowEffect="shadow_on_facae" SupportExpressionFit="YES"/>
    
    <Action_Common_Ex ActionName="cartoon_TONGUE" ID="1" SubFolder="cartoon_TONGUE" ComponentType="Tongue" SupportTransform="YES" ActionCenter="{0,-7.60475,3.58345}" TransformCenter="{0.0,0.0,0.0}" Tex="cartoon_TONGUE.png" NormalTex=""/>
    <Action_Common_Ex ActionName="cartoon_TOOTH_UP" ID="2" SubFolder="cartoon_TOOTH" ComponentType="Tooth" SupportTransform="YES" ActionCenter="{0.0107241,-0.0619685,6.97414}" TransformCenter="{0.0,0.0,0.0}" Tex="cartoon_TOOTH.png" NormalTex=""/>
    
    <Action_Common_Ex ActionName="cartoon_EYE_L" ID="4" SubFolder="cartoon_EYE" ComponentType="LeftEye" SupportTransform="YES" ActionCenter="{4.48325,2.7808,3.67042}" TransformCenter="{0.0,0.0,0.0}" ActionTransformRotateScale="{1.0,0.5,0.5}" ShadowEffect="shadow_on_eye" Tex="cartoon_EYE.png" ShadowEffect="shadow_on_eye"/>
    <Action_Common_Ex ActionName="cartoon_EYE_R" ID="5" SubFolder="cartoon_EYE" ComponentType="RightEye" SupportTransform="YES" ActionCenter="{-4.48325,2.7808,3.6672}" TransformCenter="{0.0,0.0,0.0}" ActionTransformRotateScale="{1.0,0.5,0.5}" ShadowEffect="shadow_on_eye" Tex="cartoon_EYE.png" ShadowEffect="shadow_on_eye"/>
	
    <Action_Model_Config_Common  ActionName="cartoon_Headwear" ID="13" SubFolder="cartoon_HEADWEAR" ComponentType="Headwear" UseLight="YES" LightEffectName="light_headwear1|light_headwear2" Shininess="30.0" SupportTransform="YES" ActionCenter="{0,13.41,-2.31801}" TransformCenter="{0.0,0.0,0.0}" ShadowCover="shadow_on_facae|shadow_on_eye"/>
	 
    <AvatarCartoonConfig>
        <Config_HeadwearStyle Name="头饰" ConfigType="HeadwearStyle" DependentActionID="13" SubFolder="cartoon_HEADWEAR">
            <Action Name="Hat0" ID="0" Gender="Male|Female" SubFolder="style0" Valid="NO" HairRelate="Original" Default="YES"/>
            <Action Name="Hat1" ID="1" Gender="Male|Female" SubFolder="style1" HairRelate="Small"/>
        </Config_HeadwearStyle>
        <Config_HeadwearColor Name="头饰色彩" ConfigType="HeadwearColor" DependentActionID="13" SubFolder="cartoon_HEADWEAR">
            <Action Name="色彩1" ID="1" Gender="Male|Female" SubFolder="color1" Continuous="YES" ContinuousValue="0.5" Default="YES"/>
        </Config_HeadwearColor>
    </AvatarCartoonConfig>
</Avatar>
