<Avatar Version="1.0.0.0" UseJointTransform="NO" BackgroundColor="{0.5,0.5,0.5}" ModelScale="{0.25,0.25,0.25}" ModelTranslate="{0,0.167963,-2.01355}" ModelRotate="{0.0,0.0,-10.0}" ModelZoomInScale="{2.8,2.8,2.8}" ModelZoomInTranslate="{0.0,2.0,0.0}" FaceCenterTranslate="{0.0,-4.0,0.0}">

    <Light LightName="light1" LightType="DirectionLight"  lightDirection="{0,100,100}" LightAmbient="{0.37,0.37,0.37,1.0}" LightDiffuse="{0.3,0.3,0.3,1}" LightSpecular="{0.0,0.0,0.0,1.0}"/>
    <Light LightName="light2" LightType="DirectionLight"  lightDirection="{0,-100,100}" LightAmbient="{0.22,0.22,0.22,1.0}" LightDiffuse="{0.3,0.3,0.3,1}" LightSpecular="{0.0,0.0,0.0,1.0}"/>

    <Action_Common ActionName="pig_HEAD" ID="0" SubFolder="" ComponentType="Head" UseLight="YES" LightEffectName="light1|light2" Shininess="500.0" SupportTransform="YES" ActionCenter="{0,-0.167963,2.01355}" TransformCenter="{0.0,0.0,0.0}" Tex="head.png" NormalTex=""/>
	
    <Action_Common ActionName="pig_EYE_L" ID="1" SubFolder="" ComponentType="LeftEye" SupportTransform="YES" ActionCenter="{6.24161,3.07537,13.8077}" TransformCenter="{0.0,0.0,0.0}" ActionTransformRotateScale="{1.0,0.5,0.5}" Tex="head.png" NormalTex=""/>
    <Action_Common ActionName="pig_EYE_R" ID="2" SubFolder="" ComponentType="RightEye" SupportTransform="YES" ActionCenter="{-6.24161,3.07537,13.8077}" TransformCenter="{0.0,0.0,0.0}" ActionTransformRotateScale="{1.0,0.5,0.5}" Tex="head.png" NormalTex=""/>
	
    <Action_Common ActionName="pig_EYEBROW_L" ID="3" SubFolder="" ComponentType="Head" SupportTransform="YES" ActionCenter="{4.88419,-6.95202,11.296}" TransformCenter="{0.0,0.0,0.0}" ActionTransformRotateScale="{1.0,0.5,0.5}" Tex="head.png" NormalTex=""/>
    <Action_Common ActionName="pig_EYEBROW_R" ID="4" SubFolder="" ComponentType="Head" SupportTransform="YES" ActionCenter="{-4.8842,-6.95202,11.296}" TransformCenter="{0.0,0.0,0.0}" ActionTransformRotateScale="{1.0,0.5,0.5}" Tex="head.png" NormalTex=""/>	

    <Action_Common ActionName="pig_TOOTH_DOWN" ID="5" SubFolder="" ComponentType="Head" SupportTransform="YES" ActionCenter="{4.88419,-6.95202,11.296}" TransformCenter="{0.0,0.0,0.0}" ActionTransformRotateScale="{1.0,0.5,0.5}" Tex="head.png" NormalTex=""/>
    <Action_Common ActionName="pig_TOOTH_UP" ID="6" SubFolder="" ComponentType="Head" SupportTransform="YES" ActionCenter="{-4.8842,-6.95202,11.296}" TransformCenter="{0.0,0.0,0.0}" ActionTransformRotateScale="{1.0,0.5,0.5}" Tex="head.png" NormalTex=""/>	
    <Action_Common ActionName="pig_TONGUE" ID="7" SubFolder="" ComponentType="Head" SupportTransform="YES" ActionCenter="{-4.8842,-6.95202,11.296}" TransformCenter="{0.0,0.0,0.0}" ActionTransformRotateScale="{1.0,0.5,0.5}" Tex="head.png" NormalTex=""/>		
</Sticker>


