<Avatar Version="1.0.0.0" UseJointTransform="NO" BackgroundColor="{0.5,0.5,0.5}" ModelScale="{0.26,0.26,0.26}" ModelTranslate="{-0.000245094,0.635449,-1.77928}" ModelRotate="{0.0,0.0,-3.0}" ModelZoomInScale="{2.7,2.7,2.7}" ModelZoomInTranslate="{0.0,-1,0.0}" FaceCenterTranslate="{0.0,-6.0,0.0}">

    <Light LightName="light1" LightType="DirectionLight"  lightDirection="{0,50,90}" LightAmbient="{0.29,0.25,0.23,1.0}" LightDiffuse="{0.36,0.36,0.36,1}" LightSpecular="{0.0,0.0,0.0,1.0}"/>
    <Light LightName="light2" LightType="DirectionLight"  lightDirection="{0,30,100}" LightAmbient="{0.3,0.3,0.3,1.0}" LightDiffuse="{0.12,0.12,0.12,1}" LightSpecular="{0.0,0.0,0.0,1.0}"/>

    <Action_Common ActionName="bear_HEAD" ID="0" SubFolder="" Gender="Male|Female" ComponentType="Head" UseLight="YES" LightEffectName="light1|light2" Shininess="500.0" SupportTransform="YES" ActionCenter="{0.000245094,-0.635449,1.77928}" TransformCenter="{0.0,0.0,0.0}" Tex="head.png" NormalTex=""/>
    <Action_Common ActionName="bear_EYE_L" ID="1" SubFolder="" ComponentType="RightEye" SupportTransform="YES" ActionCenter="{3.70504,-0.63669,14.2695}" TransformCenter="{0.0,0.0,0.0}" ActionTransformRotateScale="{1.0,0.5,0.5}" Tex="head.png" NormalTex=""/>
    <Action_Common ActionName="bear_EYE_R" ID="2" SubFolder="" ComponentType="LeftEye" SupportTransform="YES" ActionCenter="{-3.70504,-0.63669,14.2695}" TransformCenter="{0.0,0.0,0.0}" ActionTransformRotateScale="{1.0,0.5,0.5}" Tex="head.png" NormalTex=""/>	
	<Action_Common ActionName="bear_TONGUE" ID="3" SubFolder="" ComponentType="Head" SupportTransform="YES" ActionCenter="{ 0,-7.49182,9.26666}" TransformCenter="{0.0,0.0,0.0}" ActionTransformRotateScale="{1.0,0.5,0.5}" Tex="head.png" NormalTex=""/>	
	<Action_Common ActionName="bear_TOOTH_DOWN" ID="4" SubFolder="" ComponentType="Head" SupportTransform="YES" ActionCenter="{0,-6.09861,10.4464}" TransformCenter="{0.0,0.0,0.0}" ActionTransformRotateScale="{1.0,0.5,0.5}" Tex="head.png" NormalTex=""/>	
	<Action_Common ActionName="bear_TOOTH_UP" ID="5" SubFolder="" ComponentType="Head" SupportTransform="YES" ActionCenter="{0,-7.53305,9.81843}" TransformCenter="{0.0,0.0,0.0}" ActionTransformRotateScale="{1.0,0.5,0.5}" Tex="head.png" NormalTex=""/>	
</Sticker>


