<Avatar Version="1.0.0.0" UseJointTransform="NO" BackgroundColor="{0.5,0.5,0.5}" ModelScale="{0.32,0.32,0.32}" ModelTranslate="{0,-3.38295,-0.643192}" ModelRotate="{0.0,0.0,-5.0}" ModelZoomInScale="{3.1,3.1,3.1}" ModelZoomInTranslate="{0.0,-1,0.0}" FaceCenterTranslate="{0.0,-2.5,0.0}">

    <Light LightName="light1" LightType="DirectionLight"  lightDirection="{28,117,288}" LightAmbient="{0.29,0.25,0.23,1.0}" LightDiffuse="{0.36,0.36,0.36,1}" LightSpecular="{0.0,0.0,0.0,1.0}"/>
    <Light LightName="light2" LightType="DirectionLight"  lightDirection="{-5,-37,81}" LightAmbient="{0.35,0.37,0.29,1.0}" LightDiffuse="{0.16,0.16,0.15,1}" LightSpecular="{0.0,0.0,0.0,1.0}"/>

    <Action_Common ActionName="royan_HEAD" ID="0" SubFolder="" Gender="Male|Female" ComponentType="Head" UseLight="YES" LightEffectName="light1|light2|light3" Shininess="1.0" SupportTransform="YES" ActionCenter="{0.0128527,3.39911,0.640932}" TransformCenter="{0.0,0.0,0.0}" Tex="head.png" NormalTex=""/>
		
    <Action_Common ActionName="royan_EYE_L" ID="1" SubFolder="" ComponentType="Head" SupportTransform="YES" ActionCenter="{3.93996,1.22213,9.52621}" TransformCenter="{0.0,0.0,0.0}" ActionTransformRotateScale="{1.0,0.5,0.5}" Tex="head.png" NormalTex=""/>
	
    <Action_Common ActionName="royan_EYE_R" ID="2" SubFolder="" ComponentType="Head" SupportTransform="YES" ActionCenter="{-3.93996,1.22213,9.52621}" TransformCenter="{0.0,0.0,0.0}" ActionTransformRotateScale="{1.0,0.5,0.5}" Tex="head.png" NormalTex=""/>	

    <Action_Common ActionName="royan_EYEBROW_L" ID="3" SubFolder="" ComponentType="Head" SupportTransform="YES" ActionCenter="{0,-5.26546,5.2271}" TransformCenter="{0.0,0.0,0.0}" ActionTransformRotateScale="{1.0,0.5,0.5}" Tex="head.png" NormalTex=""/>
    <Action_Common ActionName="royan_EYEBROW_R" ID="4" SubFolder="" ComponentType="Head" SupportTransform="YES" ActionCenter="{0.00315595,-4.39757,12.6042}" TransformCenter="{0.0,0.0,0.0}" ActionTransformRotateScale="{1.0,0.5,0.5}" Tex="head.png" NormalTex=""/>
	
    <Action_Common ActionName="royan_TOOTH" ID="5" SubFolder="" ComponentType="Head" SupportTransform="YES" ActionCenter="{0,-5.26546,5.2271}" TransformCenter="{0.0,0.0,0.0}" ActionTransformRotateScale="{1.0,0.5,0.5}" Tex="tooth.png" NormalTex=""/>
    <Action_Common ActionName="royan_SYMBOL" ID="6" SubFolder="" ComponentType="Head" SupportTransform="YES" ActionCenter="{0.00315595,-4.39757,12.6042}" TransformCenter="{0.0,0.0,0.0}" ActionTransformRotateScale="{1.0,0.5,0.5}" Tex="head.png" NormalTex=""/>
    <Action_Common ActionName="royan_HAIR" ID="7" SubFolder="" ComponentType="Head" SupportTransform="YES" ActionCenter="{0.00315595,-4.39757,12.6042}" TransformCenter="{0.0,0.0,0.0}" ActionTransformRotateScale="{1.0,0.5,0.5}" Tex="hair.png" NormalTex=""/>
    <Action_Common ActionName="royan_TONGUE" ID="8" SubFolder="" ComponentType="Head" SupportTransform="YES" ActionCenter="{0.00315595,-4.39757,12.6042}" TransformCenter="{0.0,0.0,0.0}" ActionTransformRotateScale="{1.0,0.5,0.5}" Tex="tongue.png" NormalTex=""/>	
    <Action_Common ActionName="royan_TEAR" ID="9" SubFolder="" ComponentType="Head" SupportTransform="YES" ActionCenter="{0.00315595,-4.39757,12.6042}" TransformCenter="{0.0,0.0,0.0}" ActionTransformRotateScale="{1.0,0.5,0.5}" Tex="TEAR.png" NormalTex=""/>	
	
</Sticker>


